-614,Curse of Forgetfulness,
-612,Near-Future Lens,
-310,Valoocanth,
-309,Timequake,
-308,The Red Baron,
-307,The Grim Reaper,
-306,Orb of Wonder,
-305,Nizak, The Forgotten
-304,Memolith,
-303,Lateral Shift,
-302,Infomancer,
-301,Ghostform,
1001,Anger,
1002,Barehanded,
1003,Blood Money,
1004,Brothers in Battle,
1005,Burn the Stockpile,
1006,Champion's Challenge,
1007,Coward's End,
1008,Follow the Leader,
1009,Lava Ball,
1010,Loot the Bodies,
1011,Take that, Smartypants
1012,Punch,
1013,Relentless Assault,
1014,Smith,
1015,Sound the Horns,
1016,Tremor,
1017,Unguarded Camp,
1018,Warsong,
1019,Autocannon,
1020,Banner of Battle,
1021,Cannon,
1022,Gauntlet of Command,
1023,Iron Obelisk,
1024,Mighty Javelin,
1025,Pile of Skulls,
1026,Screechbomb,
1027,The Warchest,
1028,Bilgum Avalanche,
1029,Valdr,
1030,Bumpsy,
1031,Earthshaker,
1032,Firespitter,
1033,Ganger Chieftain,
1034,Grenade Snib,
1035,Headhunter,
1036,Hebe the Huge,
1037,Kelifi Dragon,
1038,King of the Crag,
1039,Krump,
1040,Lomir Flamefist,
1041,Looter Goblin,
1042,Mugwump,
1043,Pingle Who Annoys,
1044,Rock-Hurling Giant,
1045,Rogue Ogre,
1046,Smaaash,
1047,Tireless Crocag,
1048,Troll,
1049,Wardrummer,
1050,Blood of Titans,
1051,Phoenix Heart,
1052,Yo Mama Mastery,
1053,A Fair Game,
1054,Arise!,
1055,Control the Weak,
1056,Creeping Oblivion,
1057,Dance of Doom,
1058,Fear,
1059,Gateway to Dis,
1060,Gongoozle,
1061,Guilty Hearts,
1062,Hand of Dis,
1063,Hecatomb,
1064,Tendrils of Pain,
1065,Hysteria,
1066,Key Hammer,
1067,Mind Barb,
1068,Pandemonium,
1069,Poltergeist,
1070,Red-Hot Armor,
1071,Three Fates,
1072,Annihilation Ritual,
1073,Dominator Bauble,
1074,Key to Dis,
1075,Lash of Broken Dreams,
1076,Library of the Damned,
1077,Lifeward,
1078,Sacrificial Altar,
1079,Screaming Cave,
1080,Soul Snatcher,
1081,Charette,
1082,Drumble,
1083,Dust Imp,
1084,Eater of the Dead,
1085,Ember Imp,
1086,Gabos Longarms,
1087,Overlord Greking,
1088,Guardian Demon,
1089,Master of 1,
1090,Master of 2,
1091,Master of 3,
1092,Pit Demon,
1093,Pitlord,
1094,Restringuntus,
1095,Shaffles,
1096,Shooler,
1097,Snudge,
1098,Stealer of Souls,
1099,Succubus,
1100,Tentacus,
1101,The Terror,
1102,Tocsin,
1103,Tolas,
1104,Truebaru,
1105,Collar of Subordination,
1106,Flame-Wreathed,
1107,Bouncing Deathquark,
1108,Dimension Door,
1109,Effervescent Principle,
1110,Foggify,
1111,Help From Future Self,
1112,Interdimensional Graft,
1113,Knowledge is Power,
1114,Labwork,
1115,Library Access,
1116,Neuro Syphon,
1117,Phase Shift,
1118,Positron Bolt,
1119,Random Access Archives,
1120,Remote Access,
1121,Reverse Time,
1122,Scrambler Storm,
1123,Sloppy Labwork,
1124,Twin Bolt Emission,
1125,Wild Wormhole,
1126,Anomaly Exploiter,
1127,Chaos Portal,
1128,Crazy Killing Machine,
1129,Library of Babble,
1130,Mobius Scroll,
1131,Pocket Universe,
1132,Spangler Box,
1133,Spectral Tunneler,
1134,Strange Gizmo,
1135,The Howling Pit,
1136,Batdrone,
1137,Brain Eater,
1138,Dextre,
1139,Doc Bookton,
1140,Dr. Escotera,
1141,Dysania,
1142,Ganymede Archivist,
1143,Harland Mindlock,
1144,"Quixo the ""Adventurer""",
1145,Mother,
1146,Neutron Shark,
1147,Novu Archaeologist,
1148,Ozmo, Martianologist
1149,Psychic Bug,
1150,Replicator,
1151,Research Smoko,
1152,Skippy Timehog,
1153,Timetraveller,
1154,Titan Mechanic,
1155,Vespilon Theorist,
1156,Veylan Analyst,
1157,Experimental Therapy,
1158,Rocket Boots,
1159,Transposition Sandals,
1160,Ammonia Clouds,
1161,Battle Fleet,
1162,Deep Probe,
1163,EMP Blast,
1164,Hypnotic Command,
1165,Irradiated AEmber,
1166,Key Abduction,
1167,Martian Hounds,
1168,Martians Make Bad Allies,
1169,Mass Abduction,
1170,Mating Season,
1171,Mothership Support,
1172,Orbital Bombardment,
1173,Phosphorus Stars,
1174,Psychic Network,
1175,Sample Collection,
1176,Shatter Storm,
1177,Soft Landing,
1178,Squawker,
1179,Total Recall,
1180,Combat Pheromones,
1181,Commpod,
1182,Crystal Hive,
1183,Custom Virus,
1184,Feeding Pit,
1185,Invasion Portal,
1186,Incubation Chamber,
1187,Mothergun,
1188,Sniffer,
1189,Swap Widget,
1190,Blypyp,
1191,Chuff Ape,
1192,Ether Spider,
1193,Grabber Jammer,
1194,Grommid,
1195,""""John Smyth",
1196,Mindwarper,
1197,Phylyx the Disintegrator,
1198,Qyxxlyx Plague Master,
1199,Tunk,
1200,Ulyq Megamouth,
1201,Uxlyx the Zookeeper,
1202,Vezyma Thinkdrone,
1203,Yxili Marauder,
1204,Yxilo Bolter,
1205,Yxilx Dominator,
1206,Zorg,
1207,Zyzzix the Many,
1208,Biomatrix Backup,
1209,Brain Stem Antenna,
1210,Jammer Pack,
1211,Red Planet Ray Gun,
1212,Begone!,
1213,Blinding Light,
1214,Charge!,
1215,Cleansing Wave,
1216,Clear Mind,
1217,Doorstep to Heaven,
1218,Glorious Few,
1219,Honorable Claim,
1220,Inspiration,
1221,Mighty Lance,
1222,Oath of Poverty,
1223,One Stood Against Many,
1224,Radiant Truth,
1225,Shield of Justice,
1226,Take Hostages,
1227,Terms of Redress,
1228,The Harder They Come,
1229,The Spirit's Way,
1230,Virtuous Works,
1231,Epic Quest,
1232,Gorm of Omm,
1233,Hallowed Blaster,
1234,Potion of Invulnerability,
1235,Round Table,
1236,Sigil of Brotherhood,
1237,Whispering Reliquary,
1238,Bulwark,
1239,Champion Anaphiel,
1240,Champion Tabris,
1241,Commander Remiel,
1242,Duma the Martyr,
1243,Francus,
1244,Grey Monk,
1245,Hayyel the Merchant,
1246,Horseman of Death,
1247,Horseman of Famine,
1248,Horseman of Pestilence,
1249,Horseman of War,
1250,Jehu the Bureaucrat,
1251,Lady Maxena,
1252,Lord Golgotha,
1253,Numquid the Fair,
1254,Protectrix,
1255,Raiding Knight,
1256,Sanctum Guardian,
1257,Sequis,
1258,Sergeant Zakiel,
1259,Staunch Knight,
1260,Gatekeeper,
1261,The Vaultkeeper,
1262,Veemos Lightbringer,
1263,Armageddon Cloak,
1264,Mantle of the Zealot,
1265,Protect the Weak,
1266,Shoulder Armor,
1267,Bait and Switch,
1268,Booby Trap,
1269,Finishing Blow,
1270,Ghostly Hand,
1271,Hidden Stash,
1272,Imperial Traitor,
1273,Key of Darkness,
1274,Lights Out,
1275,Miasma,
1276,Nerve Blast,
1277,One Last Job,
1278,Oubliette,
1279,Pawn Sacrifice,
1280,Poison Wave,
1281,Relentless Whispers,
1282,Routine Job,
1283,Too Much to Protect,
1284,Treasure Map,
1285,Customs Office,
1286,Evasion Sigil,
1287,Longfused Mines,
1288,Masterplan,
1289,Safe Place,
1290,Seeker Needle,
1291,Skeleton Key,
1292,Special Delivery,
1293,Speed Sigil,
1294,Subtle Maul,
1295,The Sting,
1296,Bad Penny,
1297,Bulleteye,
1298,Carlo Phantom,
1299,Deipno Spymaster,
1300,Faygin,
1301,Macis Asp,
1302,Mack the Knife,
1303,Magda the Rat,
1304,Mooncurser,
1305,Nexus,
1306,Noddy the Thief,
1307,Old Bruno,
1308,Dodger,
1309,Selwyn the Fence,
1310,Shadow Self,
1311,Silvertooth,
1312,Smiling Ruth,
1313,Sneklifter,
1314,Umbra,
1315,Urchin,
1316,Duskrunner,
1317,Ring of Invisibility,
1318,Silent Dagger,
1319,Cooperative Hunting,
1320,Curiosity,
1321,Fertility Chant,
1322,Fogbank,
1323,Full Moon,
1324,Grasping Vines,
1325,Key Charge,
1326,Lifeweb,
1327,Lost in the Woods,
1328,Mimicry,
1329,Nature's Call,
1330,Nocturnal Maneuver,
1331,Perilous Wild,
1332,Regrowth,
1333,Save the Pack,
1334,Scout,
1335,Stampede,
1336,The Common Cold,
1337,Troop Call,
1338,Vigor,
1339,Word of Returning,
1340,Bear Flute,
1341,Nepenthe Seed,
1342,Ritual of Balance,
1343,Ritual of the Hunt,
1344,World Tree,
1345,Ancient Bear,
1346,Bigtwig,
1347,Witch of the Wilds,
1348,Briar Grubbling,
1349,Chota Hazri,
1350,Dew Faerie,
1351,Dust Pixie,
1352,Flaxia,
1353,Fuzzy Gruen,
1354,Giant Sloth,
1355,Halacor,
1356,Inka the Spider,
1357,Kindrith Longshot,
1358,Snufflegator,
1359,Lupo the Scarred,
1360,Mighty Tiger,
1361,Murmook,
1362,Mushroom Man,
1363,Niffle Ape,
1364,Niffle Queen,
1365,Piranha Monkeys,
1366,Teliga,
1367,Hunting Witch,
1368,Witch of the Eye,
1369,Way of the Bear,
1370,Way of the Wolf,
2001,1-2 Punch,
2002,Bingle Bangbang,
2003,Brammo,
2004,Coward's End,
2005,Cowfyne,
2006,Drummernaut,
2007,First Blood,
2008,Foozle,
2009,Ganger Chieftain,
2010,Gauntlet of Command,
2011,Groggins,
2012,Groke,
2013,Into the Fray,
2014,Lollop the Titanic,
2015,Pound,
2016,Tremor,
2017,Blood Money,
2018,Blood of Titans,
2019,Burn the Stockpile,
2020,Culf the Quiet,
2021,Flamethrower,
2022,Flamewake Shaman,
2023,Gargantes Scrapper,
2024,Grump Buggy,
2025,Little Rapscal,
2026,Ogopogo,
2027,Relentless Assault,
2028,Screechbomb,
2029,Smith,
2030,Sound the Horns,
2031,The Flex,
2032,The Warchest,
2033,Barehanded,
2034,Bellowing Patrizate,
2035,Bilgum Avalanche,
2036,Champion's Challenge,
2037,Cybergiant Rig,
2038,Forgemaster Og,
2039,Grumpus Tamer,
2040,Iron Obelisk,
2041,King of the Crag,
2042,Lava Ball,
2043,Might Makes Right,
2044,Mugwump,
2045,Phoenix Heart,
2046,Pile of Skulls,
2047,Rock-Hurling Giant,
2048,Shard of Strength,
2049,Signal Fire,
2050,Take that, Smartypants
2051,Tireless Crocag,
2052,War Grumpus,
2053,AEmber Imp,
2054,Banish,
2055,Binding Irons,
2056,Charette,
2057,Cull the Weak,
2058,Dust Imp,
2059,Exhume,
2060,Gub,
2061,Lash of Broken Dreams,
2062,Misery Exploit,
2063,Not Finished with You,
2064,Shooler,
2065,Streke,
2066,Tezmal,
2067,Unlocked Gateway,
2068,Yurk,
2069,Angwish,
2070,Bloodshard Imp,
2071,Bronze Key Imp,
2072,Gold Key Imp,
2073,Gongoozle,
2074,Hysteria,
2075,Library of the Damned,
2076,Lifeward,
2077,Old Yurk,
2078,Pain Reaction,
2079,Pandemonium,
2080,Poltergeist,
2081,Silver Key Imp,
2082,Skullion,
2083,Soulkeeper,
2084,Spyyyder,
2085,Tentacus,
2086,Three Fates,
2087,A Fair Game,
2088,Ancient Yurk,
2089,Collar of Subordination,
2090,Creeping Oblivion,
2091,Eater of the Dead,
2092,Hecatomb,
2093,Key to Dis,
2094,Neffru,
2095,Onyx Knight,
2096,Orb of Invidius,
2097,Ortannu the Chained,
2098,Ortannu's Binding,
2099,Overlord Greking,
2100,Pitlord,
2101,Red-Hot Armor,
2102,Restringuntus,
2103,Shadow of Dis,
2104,Shard of Pain,
2105,Soul Snatcher,
2106,Tolas,
2107,Wretched Doll,
2108,Archimedes,
2109,Binate Rupture,
2110,Cutthroat Research,
2111,Eyegor,
2112,Helper Bot,
2113,Hexpion,
2114,Labwork,
2115,Library of Babble,
2116,Pip Pip,
2117,Poke,
2118,Professor Sutterkin,
2119,Standardized Testing,
2120,Titan Librarian,
2121,Titan Mechanic,
2122,Wild Wormhole,
2123,Z.Y.X. Researcher,
2124,Backup Copy,
2125,Bouncing Deathquark,
2126,Brain Eater,
2127,Director of Z.Y.X.,
2128,Eureka!,
2129,Fila the Researcher,
2130,Interdimensional Graft,
2131,Jargogle,
2132,Memory Chip,
2133,Quantum Fingertrap,
2134,Remote Access,
2135,Research Smoko,
2136,Rocket Boots,
2137,Seismo-entangler,
2138,Sloppy Labwork,
2139,[REDACTED],
2140,Chaos Portal,
2141,Crazy Killing Machine,
2142,Dysania,
2143,Entropic Swirl,
2144,Fetchdrones,
2145,Harland Mindlock,
2146,Help From Future Self,
2147,Knowledge is Power,
2148,Master the Theory,
2149,Neutron Shark,
2150,Ozmo, Martianologist
2151,Pocket Universe,
2152,Project Z.Y.X.,
2153,Replicator,
2154,Scientifical Hack,
2155,Shard of Knowledge,
2156,Strange Gizmo,
2157,The Curator,
2158,Timetraveller,
2159,Transposition Sandals,
2160,Agent Hoo-man,
2161,Carpet Phloxem,
2162,Collector Worm,
2163,Glyxl Proliferator,
2164,Ixxyxli Fixfinger,
2165,Mars First,
2166,Mars Needs AEmber,
2167,Mindwarper,
2168,Mindworm,
2169,Mothergun,
2170,Skybooster Squadron,
2171,Tyxl Beambuckler,
2172,Vezyma Thinkdrone,
2173,Xanthyx Harvester,
2174,Yxilx Dominator,
2175,Zysysyx Shockworm,
2176,AEmber Conduction Unit,
2177,Combat Pheromones,
2178,Containment Field,
2179,Destroy Them All!,
2180,Exterminate! Exterminate!,
2181,Hypnobeam,
2182,Key Abduction,
2183,Mothership Support,
2184,Nyzyk Resonator,
2185,Orbital Bombardment,
2186,Phloxem Spike,
2187,Red Planet Ray Gun,
2188,Sample Collection,
2189,Storm Crawler,
2190,Uxlyx the Zookeeper,
2191,Zorg,
2192,Brain Stem Antenna,
2193,Custom Virus,
2194,Destructive Analysis,
2195,Entropic Manipulator,
2196,Extinction,
2197,Grommid,
2198,Hypnotic Command,
2199,Incubation Chamber,
2200,Invasion Portal,
2201,Killzord mk. 9001,
2202,Martian Generosity,
2203,Martian Hounds,
2204,Qyxxlyx Plague Master,
2205,Shard of Hate,
2206,Shatter Storm,
2207,Sniffer,
2208,Total Recall,
2209,Yxlyx Stimrager,
2210,Yzphyz Knowdrone,
2211,"""Lion"" Bautrem",
2212,Abond the Armorsmith,
2213,Aubade the Grim,
2214,Blinding Light,
2215,Bordan the Redeemed,
2216,Challe the Safeguard,
2217,Golden Aura,
2218,Hallowed Shield,
2219,Healing Blast,
2220,Maruck the Marked,
2221,Protect the Weak,
2222,Shield of Justice,
2223,Sir Marrows,
2224,Smite,
2225,Take Hostages,
2226,The Grey Rider,
2227,Baron Mengevin,
2228,Barrister Joya,
2229,Brobnar Ambassador,
2230,Dis Ambassador,
2231,Doorstep to Heaven,
2232,Equalize,
2233,Free Markets,
2234,Gatekeeper,
2235,Gorm of Omm,
2236,Haedroth's Wall,
2237,Logos Ambassador,
2238,Mars Ambassador,
2239,Potion of Invulnerability,
2240,Prince Derric, Unifier
2241,Radiant Truth,
2242,Rothais the Fierce,
2243,Shadows Ambassador,
2244,Sigil of Brotherhood,
2245,The Harder They Come,
2246,The Spirit's Way,
2247,Untamed Ambassador,
2248,Anahita the Trader,
2249,Armageddon Cloak,
2250,Begone!,
2251,Duma the Martyr,
2252,Epic Quest,
2253,Eye of Judgment,
2254,Lord Golgotha,
2255,Martyr's End,
2256,Mighty Lance,
2257,Mother Northelle,
2258,Oath of Poverty,
2259,One Stood Against Many,
2260,Opal Knight,
2261,Proclamation 346E,
2262,Sanctum Guardian,
2263,Seraphic Armor,
2264,Shard of Hope,
2265,The Vaultkeeper,
2266,Veemos Lightbringer,
2267,Bad Penny,
2268,Dusk Chronicles,
2269,Furtive Investors,
2270,Gamgee,
2271,Knuckles Bolton,
2272,Lamindra,
2273,Life for a Life,
2274,Miasma,
2275,Nerve Blast,
2276,Ronnie Wristclocks,
2277,Sucker Punch,
2278,Swindle,
2279,Throwing Stars,
2280,Umbra,
2281,Whistling Darts,
2282,Yantzee Gang,
2283,Bonerot Venom,
2284,Brend the Fanatic,
2285,Duskrunner,
2286,Hidden Stash,
2287,Hideaway Hole,
2288,Lights Out,
2289,Little Niff,
2290,Murkens,
2291,Nightforge,
2292,Oubliette,
2293,Perplexing Sophistry,
2294,Redlock,
2295,Skeleton Key,
2296,Special Delivery,
2297,Subtle Maul,
2298,Too Much to Protect,
2299,Bulleteye,
2300,Customs Office,
2301,Deipno Spymaster,
2302,Guard Disguise,
2303,Heist Night,
2304,Key of Darkness,
2305,Lethal Distraction,
2306,Longfused Mines,
2307,Mack the Knife,
2308,Plague Rat,
2309,Rigged Lottery,
2310,Ring of Invisibility,
2311,Routine Job,
2312,Sack of Coins,
2313,Scowly Caper,
2314,Selwyn the Fence,
2315,Shard of Greed,
2316,Sneklifter,
2317,The Sting,
2318,Treasure Map,
2319,Dharna,
2320,Duskwitch,
2321,Fanghouse,
2322,Full Moon,
2323,Glimmer,
2324,Grovekeeper,
2325,Key Charge,
2326,Knoxx,
2327,Marmo Swarm,
2328,Persistence Hunting,
2329,Regrowth,
2330,Rustgnawer,
2331,Save the Pack,
2332,Song of Spring,
2333,Tantadlin,
2334,They're Everywhere!,
2335,AEmberspine Mongrel,
2336,Bumblebird,
2337,Camouflage,
2338,Chota Hazri,
2339,Flaxia,
2340,Fogbank,
2341,Grasping Vines,
2342,Lifeweb,
2343,Mimicry,
2344,Nature's Call,
2345,Nepenthe Seed,
2346,Niffle Grounds,
2347,Panpaca, Anga
2348,Panpaca, Jaga
2349,Soldiers to Flowers,
2350,Way of the Porcupine,
2351,Curiosity,
2352,Earthbind,
2353,Fuzzy Gruen,
2354,Gravid Cycle,
2355,Heart of the Forest,
2356,Inka the Spider,
2357,Kindrith Longshot,
2358,Lupo the Scarred,
2359,Mighty Tiger,
2360,Perilous Wild,
2361,Piranha Monkeys,
2362,Po's Pixies,
2363,Punctuated Equilibrium,
2364,Quicksand,
2365,Roxador,
2366,Shard of Life,
2367,Teliga,
2368,The Common Cold,
2369,Witch of the Wilds,
2370,World Tree,
3001,Alaka,
3002,Alaka's Brew,
3003,Ballcano,
3004,Barn Razing,
3005,Berserker Slam,
3006,Cowfyne,
3007,Ganger Chieftain,
3008,Groke,
3009,Gron Nine-Toes,
3010,Irestaff,
3011,Mogghunter,
3012,Narp,
3013,Shorty,
3014,Stilt-Kin,
3015,Tremor,
3016,Warriors' Refrain,
3017,Blood Money,
3018,Flamethrower,
3019,Flamewake Shaman,
3020,Fyre-Breath,
3021,Gargantes Scrapper,
3022,Gravelguts,
3023,Little Rapscal,
3024,Ogopogo,
3025,Overrun,
3026,Power of Fire,
3027,Ragwarg,
3028,Shattered Throne,
3029,Sköll,
3030,Slimy Jark,
3031,Smith,
3032,The Flex,
3033,Barehanded,
3034,Bellowing Patrizate,
3035,Cybergiant Rig,
3036,Forgemaster Og,
3037,Grumpus Tamer,
3038,Guji Dinosaur Hunter,
3039,Igon the Green,
3040,Iron Obelisk,
3041,Kaloch Stonefather,
3042,Lava Ball,
3043,Mugwump,
3044,Nogi Smartfist,
3045,Old Boomy,
3046,Pile of Skulls,
3047,Ragnarok,
3048,Rock-Hurling Giant,
3049,Signal Fire,
3050,The Big One,
3051,The Floor is Lava,
3052,War Grumpus,
3053,Igon the Terrible,
3054,Mega Alaka,
3055,Mega Cowfyne,
3056,Mega Ganger Chieftain,
3057,Mega Groke,
3058,Mega Gron Nine-Toes,
3059,Mega Mogghunter,
3060,Mega Narp,
3061,Mega Shorty,
3062,Chieftain's Brew,
3063,Cowfyne's Brew,
3064,Groke's Brew,
3065,Gron's Brew,
3066,Mogghunter's Brew,
3067,Narp's Brew,
3068,Shorty's Brew,
3069,Binding Irons,
3070,Buzzle,
3071,Dendrix,
3072,Draining Touch,
3073,Etaromme,
3074,Exhume,
3075,Festering Touch,
3076,Harbinger of Doom,
3077,Impspector,
3078,Infurnace,
3079,Lilithal,
3080,Malison,
3081,Misery Exploit,
3082,Not Finished with You,
3083,Rotgrub,
3084,The Evil Eye,
3085,Bloodshard Imp,
3086,Borr Nit,
3087,Borr Nit's Touch,
3088,E'e on the Fringes,
3089,Giants' Bane,
3090,Gleeful Mayhem,
3091,Hysteria,
3092,Library of the Damned,
3093,Obsidian Forge,
3094,Poltergeist,
3095,Skullion,
3096,Snag,
3097,Soul Fiddle,
3098,Soulkeeper,
3099,Spyyyder,
3100,Three Fates,
3101,A Fair Game,
3102,Collar of Subordination,
3103,Creeping Oblivion,
3104,Eater of the Dead,
3105,Greater Oxtet,
3106,Harvest Time,
3107,Hecatomb,
3108,Key to Dis,
3109,Lesser Oxtet,
3110,Lord Invidius,
3111,Neffru,
3112,Noname,
3113,Onyx Knight,
3114,Orb of Invidius,
3115,Ortannu the Chained,
3116,Sinestra,
3117,Snag's Mirror,
3118,Snaglet,
3119,Soul Snatcher,
3120,Wretched Doll,
3121,Ortannu's Binding,
3122,Beasts' Bane,
3123,Demons' Bane,
3124,Dexus,
3125,Dinosaurs' Bane,
3126,Humans' Bane,
3127,Scientists' Bane,
3128,Thieves' Bane,
3129,Babbling Bibliophile,
3130,Cutthroat Research,
3131,Daughter,
3132,"EDAI ""Edie"" 4x4",
3133,Eyegor,
3134,Hapsis,
3135,Hologrammophone,
3136,Information Exchange,
3137,Quant,
3138,Sanitation Engineer,
3139,Tautau Vapors,
3140,Thorium Plasmate,
3141,Titan Guardian,
3142,Twin Bolt Emission,
3143,Wild Wormhole,
3144,Wormhole Technician,
3145,Anomaly Exploiter,
3146,C.AE.N.D.L.E. Unit,
3147,Code Monkey,
3148,Data Forge,
3149,Discombobulator,
3150,Dr. Milli,
3151,Groupthink Tank,
3152,Interdimensional Graft,
3153,Jargogle,
3154,Memory Chip,
3155,Mini Groupthink Tank,
3156,Positron Bolt,
3157,Quantum Fingertrap,
3158,Reassembling Automaton,
3159,Remote Access,
3160,Seismo-entangler,
3161,Academy Training,
3162,Chaos Portal,
3163,Crazy Killing Machine,
3164,Dysania,
3165,Entropic Swirl,
3166,Fetchdrones,
3168,Knowledge is Power,
3169,Master the Theory,
3170,Mimic Gel,
3171,Neutron Shark,
3172,Pocket Universe,
3173,Prescriptive Grammarbot,
3174,Replicator,
3175,Scientifical Hack,
3176,Self-Bolstering Automata,
3177,Strange Gizmo,
3178,Universal Keylock,
3179,Universal Recycle Bin,
3180,Zenzizenzizenzic,
3181,Velum,
3182,Axiom of Grisk,
3183,Brutodon Auxiliary,
3184,Chant of Hubris,
3185,Imperial Scutum,
3186,Imperium,
3187,Legatus Raptor,
3188,Odoac the Patrician,
3189,Phalanx Strike,
3190,Praefectus Ludo,
3191,Questor Jarta,
3192,Rhetor Gallim,
3193,Senator Shrix,
3194,The Golden Spiral,
3195,Thero Centurion,
3196,Tribute,
3197,Tricerian Legionary,
3198,Ancient Power,
3199,Centurion Stenopius,
3200,City-State Interest,
3201,Draco Praeco,
3202,Exile,
3203,Gargantodon,
3204,Library of Polliasaurus,
3205,Orator Hissaro,
3206,Paraguardian,
3207,Philophosaurus,
3208,Regrettable Meteor,
3209,Sic Semper Tyrannosaurus,
3210,Stomp,
3211,Terrordactyl,
3212,The Callipygian Ideal,
3213,Tribune Pompitus,
3214,Auto-Legionary,
3215,Cincinnatus Rex,
3216,City Gates,
3217,Crassosaurus,
3218,Diplo-Macy,
3219,Favor of Rex,
3220,Good of the Many,
3221,Grimlocus Dux,
3222,Imperial Forge,
3223,Imperial Road,
3224,Kompsos Haruspex,
3225,Livia the Elder,
3226,Primus Unguis,
3227,Saurus Rex,
3228,Saury About That,
3229,Senator Bracchus,
3230,Sow Salt,
3231,Spartasaur,
3232,Tertiate,
3233,The Colosseum,
3234,Triumph,
3235,A. Vinda,
3236,Bad Penny,
3237,Breaker Hill,
3238,Hit and Run,
3239,Hock,
3240,Hugger-Mugger,
3241,Inky Gloom,
3242,J. Vinda,
3243,Kymoor Eclipse,
3244,Mug,
3245,Pestering Blow,
3246,Ronnie Wristclocks,
3247,Symon,
3248,Trust No One,
3249,Umbra,
3250,Yantzee Gang,
3251,Brend the Fanatic,
3252,Chain Gang,
3253,Duskrunner,
3254,Fidgit,
3255,Hidden Stash,
3256,Into the Night,
3257,No Safety in Numbers,
3258,Oubliette,
3259,Skeleton Key,
3260,Special Delivery,
3261,Spike Trap,
3262,Subtle Chain,
3263,Subtle Maul,
3264,Too Much to Protect,
3265,Whisper,
3266,Customs Office,
3267,Finch Cloak,
3268,Gambling Den,
3269,Hunter or Hunted?,
3270,Key of Darkness,
3271,Keyforgery,
3272,Lethal Distraction,
3273,Longfused Mines,
3274,Mack the Knife,
3275,Manchego,
3276,Rigged Lottery,
3277,Ring of Invisibility,
3278,Sack of Coins,
3279,Scowly Caper,
3280,Selwyn the Fence,
3281,Sneklifter,
3282,The Quiet Anvil,
3283,The Shadow Council,
3284,Treasure Map,
3285,Weasand,
3286,Brobnar Plant,
3287,Dis Plant,
3288,Logos Plant,
3289,Saurian Plant,
3290,Star Alliance Plant,
3291,Untamed Plant,
3292,Armsmaster Molina,
3293,Chief Engineer Walls,
3294,Cloaking Dongle,
3295,Com. Officer Kirby,
3296,Commander Chan,
3297,Explo-rover,
3298,First Officer Frane,
3299,Lieutenant Khrkhar,
3300,Light of the Archons,
3301,Medic Ingram,
3302,Molina's Blaster,
3303,Red Alert,
3304,Sci. Officer Qincan,
3305,Sensor Chief Garcia,
3306,Stealth Mode,
3307,Zap,
3308,CALV-1N,
3309,CXO Taber,
3310,Force Field,
3311,Helmsman Spears,
3312,Information Officer Gray,
3313,Lay of the Land,
3314,Navigator Ali,
3315,Nurse Soto,
3316,Quadracorder,
3317,Quintrino Flux,
3318,Sci. Officer Morpheus,
3319,Stunner,
3320,Tactical Officer Moon,
3321,Transporter Platform,
3322,Universal Translator,
3323,Xenotraining,
3324,AEmbertracker,
3325,Book of leQ,
3326,Captain Val Jericho,
3327,Crash Muldoon,
3328,Disruption Field,
3329,Doctor Driscoll,
3330,Encounter Suit,
3331,Forging an Alliance,
3332,Galactic Census,
3333,General Order 24,
3334,Operations Officer Yshi,
3335,Peace Accord,
3336,Plasma Nozzle,
3337,Psionic Officer Lang,
3338,Quixxle Stone,
3339,"Special Agent ""Fingers""",
3340,Tachyon Pulse,
3341,Techivore Pulpate,
3342,Uncharted Lands,
3343,United Action,
3344,We Can ALL Win,
3345,Chan's Blaster,
3346,Frane's Blaster,
3347,Garcia's Blaster,
3348,Ingram's Blaster,
3349,Khrkhar's Blaster,
3350,Kirby's Blaster,
3351,Qincan's Blaster,
3352,Walls' Blaster,
3353,Bramble Lynx,
3354,Cauldron Boil,
3355,Deepwood Druid,
3356,Ghosthawk,
3357,Harmonia,
3358,Imprinted Murmook,
3359,Key Charge,
3360,Molephin,
3361,Musthic Murmook,
3362,Regrowth,
3363,Rustgnawer,
3364,Song of the Wild,
3365,Tantadlin,
3366,The Fittest,
3367,Unnatural Selection,
3368,Unsuspecting Prey,
3369,Camouflage,
3370,Fangtooth Cavern,
3371,Flaxia,
3372,Fogbank,
3373,Gebuk,
3374,Grasping Vines,
3375,Instrument of Silence,
3376,Kangaphant,
3377,Low Dawn,
3378,Mab the Mad,
3379,Mimicry,
3380,Nature's Call,
3381,Panpaca, Anga
3382,Panpaca, Jaga
3383,The Feathered Shaman,
3384,Wild Spirit,
3385,Creed of Nature,
3386,Creed of Nurture,
3387,Curiosity,
3388,Eldest Bear,
3389,Fuzzy Gruen,
3390,Giant Gnawbill,
3391,Gravid Cycle,
3392,Inka the Spider,
3393,Moor Wolf,
3394,Nepeta Gigantica,
3395,Perilous Wild,
3396,Piranha Monkeys,
3397,Po's Pixies,
3398,Punctuated Equilibrium,
3399,Quicksand,
3400,Roxador,
3401,Teliga,
3402,Vineapple Tree,
3403,Witch of the Wilds,
3404,Xenos Bloodshadow,
3405,Toad,
4001,Dark AEmber Vault,
4002,Bonesaw,
4003,Brabble,
4004,Dark Minion,
4005,Dominator Bauble,
4006,Drecker,
4007,Gateway to Dis,
4008,Imp-losion,
4009,Impspector,
4010,Infurnace,
4011,Mark of Dis,
4012,Mindfire,
4013,Sinder,
4014,Snarette,
4015,Stirring Grave,
4016,Techno-Fiend,
4017,Waking Nightmare,
4018,Angwish,
4019,Break-key,
4020,Double Doom,
4021,Essence Scale,
4022,Gleeful Mayhem,
4023,Grim Reminder,
4024,Hystricog,
4025,Obsidian Forge,
4026,Pain Reaction,
4027,Pandemonium,
4028,Picaroon,
4029,Relentless Creeper,
4030,Snudge,
4031,Soul Fiddle,
4032,Soulkeeper,
4033,Wail of the Damned,
4034,Dance of Doom,
4035,Etan's Jar,
4036,Gabos Longarms,
4037,Guilty Hearts,
4038,Harvest Time,
4039,Lord Invidius,
4040,Maleficorn,
4041,Orb of Invidius,
4042,Painmail,
4043,Red-Hot Armor,
4044,Ritual of Tognath,
4045,Screaming Cave,
4046,Shadow of Dis,
4047,Sinestra,
4048,Skixuno,
4049,The Pale Star,
4050,Truebaru,
4051,Turnkey,
4052,Wretched Doll,
4053,Desire,
4054,Dexus,
4055,Dino-Fiend,
4056,Envy,
4057,Gluttony,
4058,Greed,
4059,Lyco-Fiend,
4060,Pride,
4061,Sacro-Fiend,
4062,Sloth,
4063,Umbra-Fiend,
4064,Wrath,
4065,Xeno-Fiend,
4066,Auto-Encoder,
4067,Bot Bookton,
4068,Daemo-Bot,
4069,Daughter,
4070,Diametric Charge,
4071,Eclectic Inquiry,
4072,Effervescent Principle,
4073,Even Ivan,
4074,Infomorph,
4075,Lethologica,
4076,Munchling,
4077,Opposition Research,
4078,Q-Mechs,
4079,"Quixo the ""Adventurer""",
4080,Standardized Testing,
4081,Titan Engineer,
4082,Bouncing Deathquark,
4083,Causal Loop,
4084,Chronus,
4085,Dimension Door,
4086,Discombobulator,
4087,Fission Bloom,
4088,Forge Compiler,
4089,Groupthink Tank,
4090,Krrrzzzaaap!!!,
4091,Mutagenic Serum,
4092,Neuro Syphon,
4093,Novu Dynamo,
4094,Positron Bolt,
4095,Professor Terato,
4096,Research Smoko,
4097,Sloppy Labwork,
4098,Academy Training,
4099,Adaptoid,
4100,Animator,
4101,Auto-Vac 5150,
4102,Cyber-Clone,
4103,Entropic Swirl,
4104,Hyde,
4105,Library Card,
4106,Master the Theory,
4107,Mind Over Matter,
4108,Mobius Scroll,
4109,Prescriptive Grammarbot,
4110,[REDACTED],
4111,Reverse Time,
4112,Skippy Timehog,
4113,The Archivist,
4114,The Howling Pit,
4115,Universal Keylock,
4116,Zenzizenzizenzic,
4117,It's Coming...,
4118,Velum,
4119,Dino-Bot,
4120,Lyco-Bot,
4121,Odd Clawde,
4122,Sacro-Bot,
4123,Umbra-Bot,
4124,Xeno-Bot,
4125,Ultra Gravitron,
4126,Ardent Hero,
4127,Bull-wark,
4128,Burning Glare,
4129,Champion Anaphiel,
4130,Cleansing Wave,
4131,Commandeer,
4132,Daemo-Knight,
4133,Fangs of Gizelhart,
4134,Font of the Eye,
4135,General Xalvador,
4136,Gizelhart's Zealot,
4137,Lieutenant Gorvenal,
4138,Seeker of Truth,
4139,Smite,
4140,Squire Alys,
4141,The Grey Rider,
4142,AEmberheart,
4143,Angry Mob,
4144,Baldric the Bold,
4145,Barrister Joya,
4146,Berinon,
4147,Bring Low,
4148,Equalize,
4149,Free Markets,
4150,Gizelhart's Standard,
4151,Gorm of Omm,
4152,Potion of Invulnerability,
4153,Purify,
4154,Radiant Truth,
4155,Scrivener Favian,
4156,Shoulder Armor,
4157,The Spirit's Way,
4158,Armageddon Cloak,
4159,Book of Malefaction,
4160,Call to Action,
4161,Charge!,
4162,Eye of Judgment,
4163,Gizelhart's Wrath,
4164,Honorable Claim,
4165,Lady Loreena,
4166,Lord Golgotha,
4167,Mad Prophet Gizelhart,
4168,Mantle of the Zealot,
4169,Master of the Grey,
4170,Mighty Lance,
4171,One Stood Against Many,
4172,Opal Knight,
4173,Orb of Wonder,
4174,Purifier of Souls,
4175,Seraphic Armor,
4176,The Vaultkeeper,
4177,Veemos Lightbringer,
4178,Dino-Knight,
4179,Lyco-Knight,
4180,Techno-Knight,
4181,Umbra-Knight,
4182,Xeno-Knight,
4183,Axiom of Grisk,
4184,Beware the Ides,
4185,Chant of Hubris,
4186,Citizen Shrix,
4187,Consul Primus,
4188,Cornicen Octavia,
4189,Curse of Vanity,
4190,Daemo-Saurus,
4191,Defense Initiative,
4192,Faust the Great,
4193,Galeatops,
4194,Monument to Ludo,
4195,Praefectus Ludo,
4196,Sagittarii's Gaze,
4197,Spoils of Battle,
4198,Thero Centurion,
4199,Ancient Power,
4200,Blast from the Past,
4201,City-State Interest,
4202,Curia Saurus,
4203,Dark Centurion,
4204,Dreadbone Decimus,
4205,Exile,
4206,Gladiodontus,
4207,Hedonistic Intent,
4208,Humble,
4209,Library of Polliasaurus,
4210,Saurian Egg,
4211,Senator Quintina,
4212,Siren Horn,
4213,Stomp,
4214,Terrordactyl,
4215,Amphora Captura,
4216,City Gates,
4217,Crystal Surge,
4218,Diplo-Macy,
4219,Forum of Giants,
4220,Good of the Many,
4221,Grimlocus Dux,
4222,High Priest Torvus,
4223,Imperial Road,
4224,Legion's March,
4225,Nerotaurus,
4226,Optio Gorkus,
4227,Patronage,
4228,Saurus Rex,
4229,Saury About That,
4230,Scylla,
4231,Senator Bracchus,
4232,Sow Salt,
4233,Tertiate,
4234,Charybdis,
4235,Lyco-Saurus,
4236,Monument to Faust,
4237,Monument to Octavia,
4238,Monument to Primus,
4239,Monument to Shrix,
4240,Sacro-Saurus,
4241,Techno-Saurus,
4242,Umbra-Saurus,
4243,Xeno-Saurus,
4244,Deusillus,
4245,Bo Nithing,
4246,Daemo-Thief,
4247,Dark Wave,
4248,"Francis the ""Economist""",
4249,Gamgee,
4250,Look Over There!,
4251,Mug,
4252,Mutant Cutpurse,
4253,Nexus,
4254,Opportunist,
4255,Rad Penny,
4256,Seeker Needle,
4257,Shoulder Id,
4258,Subtle Otto,
4259,Tempting Offer,
4260,Vandalize,
4261,Bonerot Venom,
4262,Booby Trap,
4263,"""Borrow""",
4264,Boss Zarek,
4265,Fidgit,
4266,Lights Out,
4267,Lucky Dice,
4268,Macis Asp,
4269,Miasma Bomb,
4270,Old Bruno,
4271,Perplexing Sophistry,
4272,Ransack,
4273,Reckless Rizzo,
4274,Safe House,
4275,Spike Trap,
4276,The Shadowsmith,
4277,Doom Sigil,
4278,Finch Cloak,
4279,Finishing Blow,
4280,Gambling Den,
4281,Heist Night,
4282,Imperial Traitor,
4283,Johnny Longfingers,
4284,Liam Say,
4285,Mastermindy,
4286,Masterplan,
4287,Mole,
4288,One Last Job,
4289,Pincerator,
4290,Sack of Coins,
4291,Safe Place,
4292,Shadowsaurus,
4293,Smiling Ruth,
4294,Splinter,
4295,The Shadow Council,
4296,The Sting,
4297,Dino-Thief,
4298,Lyco-Thief,
4299,Sacro-Thief,
4300,Techno-Thief,
4301,Xeno-Thief,
4302,Access Denied,
4303,Blast Shielding,
4304,Commander Chan,
4305,Crewman Jörg,
4306,Daemo-Alien,
4307,Explo-rover,
4308,Hadron Collision,
4309,Observ-u-Max,
4310,Red Alert,
4311,Scout Pete,
4312,Securi-Droid,
4313,Sensor Chief Garcia,
4314,Subdue,
4315,Subject Kirby,
4316,Survey,
4317,Teleporter Chief Tink,
4318,ANT1-10NY,
4319,Armory Officer Nel,
4320,Away Team,
4321,Detention Coil,
4322,Hayden Oswin,
4323,Lay of the Land,
4324,LCdr. Trigon,
4325,Mutagenesis Researcher,
4326,New Frontiers,
4327,Particle Sweep,
4328,Quintrino Flux,
4329,Stealthster,
4330,Stunner,
4331,Transporter Platform,
4332,Universal Translator,
4333,Xenotraining,
4334,AEmbertracker,
4335,Ambassador Liu,
4336,Captain Val Jericho,
4337,Commander Dhrxgar,
4338,Disruption Field,
4339,Encounter Suit,
4340,Ensign El-Samra,
4341,Exchange Officer,
4342,Forging an Alliance,
4343,Galactic Census,
4344,General Order 24,
4345,Hapless Cadet,
4346,Hold the Line,
4347,J.O.N. Cargo,
4348,Kartanoo,
4349,Matter Maker,
4350,Peace Accord,
4351,Quixxle Stone,
4352,Tachyon Pulse,
4353,Z-Force Agent 14,
4354,Z-Particle Tracker,
4355,Z-Ray Blaster,
4356,Z-Wave Emitter,
4357,Dino-Alien,
4358,Lyco-Alien,
4359,Sacro-Alien,
4360,Techno-Alien,
4361,Umbra-Alien,
4362,Cephaloist,
4363,Daemo-Beast,
4364,Dark Faerie,
4365,Fandangle,
4366,Floomf,
4367,Ghosthawk,
4368,Gloriana's Attendant,
4369,Keyfrog,
4370,Lost in the Woods,
4371,Niffle Ape,
4372,Pismire,
4373,Rapid Evolution,
4374,Reclaimed by Nature,
4375,Resurgence,
4376,Savage Clash,
4377,Song of the Wild,
4378,AEmberspine Mongrel,
4379,Bumblebird,
4380,Commune,
4381,Dark Harbinger,
4382,Fangtooth Cavern,
4383,Growth Surge,
4384,Low Dawn,
4385,Lumilu,
4386,Mushroom with a View,
4387,Niffle Grounds,
4388,Niffle Queen,
4389,Trimble,
4390,Troop Call,
4391,Vault's Blessing,
4392,Wild Bounty,
4393,Wild Spirit,
4394,AEmberlution,
4395,Blossom Drake,
4396,Chonkers,
4397,Dark Queen Gloriana,
4398,Earthbind,
4399,Eldest Bear,
4400,Eunoia,
4401,Fertility Chant,
4402,Look What I Found!,
4403,Mercy, Malkin Queen
4404,Po's Pixies,
4405,Punctuated Equilibrium,
4406,Quicksand,
4407,Ritual of the Hunt,
4408,Scout,
4409,Stampede,
4410,Vineapple Tree,
4411,Word of Returning,
4412,Xenos Bloodshadow,
4413,Mutation of Cunning,
4414,Mutation of Fury,
4415,Mutation of Instinct,
4416,Toad,
4417,Dino-Beast,
4418,Sacro-Beast,
4419,Techno-Beast,
4420,Umbra-Beast,
4421,Xeno-Beast,
4422,Niffle Kong,
5000,The Tide,
5001,Evil Armadrone,
5002,Evil Binary Moray,
5003,Evil Captain Kresage,
5004,Evil Old Egad,
5005,Evil PI Sweven,
5006,Evil Prof. Garwynne,
5007,Evil Talmage Steelheart,
5008,Dr. Verokter,
5009,Rooftop Laboratory,
5010,Reckless Experimentation,
5011,Groundbreaking Discovery,
5012,Hyde,
5013,Velum,
5014,Academy Training,
5015,Backup Plan,
5016,Captain Kresage,
5017,Chronophage,
5018,Honors Keysis,
5019,Knowledge is Power,
5020,Library Card,
5021,Master the Theory,
5022,Mind Over Matter,
5023,Mobius Scroll,
5024,Ruins of Archonis,
5025,SLRS Austeralis,
5026,The Archivist,
5027,The Howling Pit,
5028,Tide Warp,
5029,Universal Keylock,
5030,Vespilon Theorist,
5031,Zenzizenzizenzic,
5032,Anomaly Exploiter,
5033,Archon's Callback,
5034,Binary Moray,
5035,Bouncing Deathquark,
5036,Brain Eater,
5037,Data Forge,
5038,Eureka!,
5039,Fila the Researcher,
5040,Forgive or Forget,
5041,Isotropic Core,
5042,Mechabuoy,
5043,Mind Bullets,
5044,Novu Archaeologist,
5045,Positron Bolt,
5046,Prof. Garwynne,
5047,Think Twice,
5048,Armadrone,
5049,Austeralis Seaborg,
5050,Bilgewarden,
5051,"EDAI ""Edie"" 4x4",
5052,Final Analysis,
5053,Hydrocataloguer,
5054,Infomorph,
5055,Information Exchange,
5056,Old Egad,
5057,Phase Shift,
5058,PI Sweven,
5059,Science!,
5060,Static Charge,
5061,Submersive Principle,
5062,Talmage Steelheart,
5063,Theory or Conjecture,
5064,Evil Almsmaster,
5065,Evil Grey Augur,
5066,Evil Laerie of the Lake,
5067,Evil Lightsmith Clariel,
5068,Evil Seneschal Sargassa,
5069,Evil Sir Bevor,
5070,Evil Urien the Circumspect,
5071,Orphiel, Sea's Chosen
5072,Orphion, Land's Chosen
5073,Aja the Inconspicuous,
5074,Avenging Aura,
5075,Charge!,
5076,Dry the River,
5077,Epic Quest,
5078,Harmonic Ritual,
5079,Lady Loreena,
5080,Lightsmith Clariel,
5081,Lord Golgotha,
5082,Mad Prophet Gizelhart,
5083,Mighty Lance,
5084,Numquid the Fair,
5085,Orb of Wonder,
5086,Round Table,
5087,Sanctum Guardian,
5088,Seraphic Armor,
5089,SGS Illuminator,
5090,The Corpulent Collector,
5091,The Vaultkeeper,
5092,Trial by Water,
5093,Almsmaster,
5094,Barrister Joya,
5095,Bring Low,
5096,Doorstep to Heaven,
5097,First or Last,
5098,Gatekeeper,
5099,Gorm of Omm,
5100,Grey Augur,
5101,Haedroth's Wall,
5102,Holdfast,
5103,Honor or Glory,
5104,Light Everlasting,
5105,Radiant Truth,
5106,Redhand Registry,
5107,Shoulder Armor,
5108,Badgemagus,
5109,Bull-wark,
5110,Cleansing Wave,
5111,General Xalvador,
5112,Grand Melee,
5113,Hammer-gram,
5114,Heal or Harm,
5115,Laerie of the Lake,
5116,Marshal Ewer,
5117,Seneschal Sargassa,
5118,Shifting Battlefield,
5119,Sir Bevor,
5120,Staunch Knight,
5121,Strange Ordination,
5122,Taxing Journey,
5123,Urien the Circumspect,
5124,Evil Bestiarii Urso,
5125,Evil Censor Philo,
5126,Evil Eclectic Ambrosius,
5127,Evil Lapisaurus,
5128,Evil Magistra Vita,
5129,Evil Physicus Felix,
5130,Evil Undagnathus,
5131,Scylla,
5132,Charybdis,
5133,Bracchanalia,
5134,Brachiaditus,
5135,Crassosaurus,
5136,Diplo-Macy,
5137,Eclectic Ambrosius,
5138,Enlist Numeri,
5139,Good of the Many,
5140,Grimlocus Dux,
5141,Hastatus Raptor,
5142,High Priest Torvus,
5143,Imperial Forge,
5144,Imperial Road,
5145,ISS Indominus,
5146,Primus Unguis,
5147,Saury About That,
5148,Swallow Whole,
5149,Tertiate,
5150,The Colosseum,
5151,The First Scroll,
5152,Ankylo Formation,
5153,Bestiarii Urso,
5154,Bury Riches,
5155,City-State Interest,
5156,Di-No You Didn't!,
5157,Gladiodontus,
5158,Hedonistic Intent,
5159,Humble,
5160,Paraguardian,
5161,Physicus Felix,
5162,Saurarium,
5163,Senator Quintina,
5164,Siren Horn,
5165,Terrordactyl,
5166,Trojan Sauropod,
5167,Wipe Clear,
5168,Altruist's Rostrum,
5169,Carpe Vinum,
5170,Censor Philo,
5171,Consul Primus,
5172,Cornicen Octavia,
5173,Crushing Charge,
5174,Decadence,
5175,Faust the Great,
5176,Lapisaurus,
5177,Magistra Vita,
5178,Medicus Lacus,
5179,Ostracize,
5180,Reach Advantage,
5181,Spoils of Battle,
5182,Undagnathus,
5183,Venator Altum,
5184,Evil Captain No-Beard,
5185,Evil Freebooter Faye,
5186,Evil Hard Simpson,
5187,Evil Hobnobber,
5188,Evil Monty Bank,
5189,Evil One-Eyed Willa,
5190,Evil Sea Urchin,
5191,Archon's Revenge,
5192,Captain No-Beard,
5193,Dead Man's Chest,
5194,Deipno Spymaster,
5195,Early Birds,
5196,Easy Marks,
5197,Finch Cloak,
5198,Finishing Blow,
5199,Mack the Knife,
5200,Mastermindy,
5201,Masterplan,
5202,Mole,
5203,Ransom,
5204,Ring of Invisibility,
5205,Sack of Coins,
5206,Scowly Caper,
5207,Smiling Ruth,
5208,Submersible,
5209,The Shadow Council,
5210,Widespread Corruption,
5211,Blatant Thievery,
5212,Booby Trap,
5213,"""Borrow""",
5214,Brend the Fanatic,
5215,Freebooter Faye,
5216,Hand Cannon,
5217,Little Niff,
5218,Miasma Bomb,
5219,Monty Bank,
5220,Old Bruno,
5221,Ransack,
5222,Safe or Sorry,
5223,Stir Up Trouble,
5224,The Flyin' Specter,
5225,Trickle-Down Theory,
5226,Whisper,
5227,Cement Shoes,
5228,"Francis the ""Economist""",
5229,Gas-Pipes Malone,
5230,Hard Simpson,
5231,Hobnobber,
5232,Hornswoggle,
5233,Jackie Tar,
5234,Kerwollop,
5235,Loot or Pillage,
5236,Mug,
5237,One-Eyed Willa,
5238,Scooped,
5239,Sea Urchin,
5240,Seeker Needle,
5241,Shoulder Id,
5242,Walk the Plank,
5243,Evil 5C077,
5244,Evil C.R. Officer Hawkins,
5245,Evil CH-337A,
5246,Evil Colonist Chapman,
5247,Evil Operative Espion,
5248,Evil Rocketeer Tryska,
5249,Evil Shield-U-Later,
5250,Com. Officer Hings,
5251,Com. Officer Gross,
5252,Z-Force Agent 14,
5253,Z-Particle Tracker,
5254,Z-Ray Blaster,
5255,Z-Wave Emitter,
5256,5C077,
5257,Book of leQ,
5258,Captain Val Jericho,
5259,Ceaseforge,
5260,Commander Dhrxgar,
5261,Crash Muldoon,
5262,D1-V3 Pod,
5263,Doctor Driscoll,
5264,Encounter Suit,
5265,Exploratory Craft,
5266,Forging an Alliance,
5267,General Order 24,
5268,Make It So,
5269,Matter Maker,
5270,Plasma Nozzle,
5271,Prof. Emeritus Kering,
5272,The Ulfberht Device,
5273,United Action,
5274,Agent Sepdia,
5275,Away Team,
5276,CH-337A,
5277,Colonist Chapman,
5278,CXO Taber,
5279,Force Field,
5280,Lay of the Land,
5281,Mutagenesis Researcher,
5282,Sabotage Mission,
5283,Selective Preservation,
5284,Static Collection Array,
5285,Stunner,
5286,T3R-35A,
5287,Together!,
5288,Universal Translator,
5289,Xenotraining,
5290,AEmber-vac,
5291,Biome Discovery,
5292,C.R. Officer Hawkins,
5293,Diplomat Agung,
5294,Grand Alliance Council,
5295,Lieutenant Khrkhar,
5296,Lieutenant Valmart,
5297,Light of the Archons,
5298,Officer's Blaster,
5299,Operative Espion,
5300,Rocketeer Tryska,
5301,Sci. Officer Qincan,
5302,Shield-U-Later,
5303,Technobabble,
5304,Unity or Discord,
5305,Zap,
5306,Evil Flamegill Enforcer,
5307,Evil Giltspine Netcaster,
5308,Evil Horrid Synan,
5309,Evil Kaupe,
5310,Evil Taniwha,
5311,Evil Tomwa of the Glow,
5312,Evil Wikolia,
5313,Drawn Down,
5314,Dive Deep,
5315,Dark Discovery,
5316,Omnipus,
5317,Tentaclid,
5318,Corrode,
5319,Cup of Water,
5320,Deep Priest Glebe,
5321,Effigy of Melerukh,
5322,Flash Freeze,
5323,General Sherman,
5324,Kiligog's Trench,
5325,Llack Gaboon,
5326,Portalmonger,
5327,Rustmiser,
5328,Sobogg's Thingamabob,
5329,Taniwha,
5330,Te-wheke Kraken,
5331,Thalassophobia,
5332,The Chosen One,
5333,The Susurrus,
5334,Voice of Rakuzel,
5335,Whirlpool,
5336,Abandon Ship,
5337,Abyssal Zealot,
5338,Allusions of Grandeur,
5339,Echo Pearl,
5340,Fuguru,
5341,Kaupe,
5342,Kiri Giltspine,
5343,Scyphos,
5344,Sleep with the Fishes,
5345,Sparkfist,
5346,Thundertow,
5347,Tidal Wave,
5348,Tomwa of the Glow,
5349,Under Pressure,
5350,Valoocanth,
5351,Wrath or Ruin,
5352,Brain Drain,
5353,"""Bubbles""",
5354,Call of the Void,
5355,Flamegill Enforcer,
5356,Frigorific Rod,
5357,Giltspine Netcaster,
5358,Hookmaster,
5359,Horrid Synan,
5360,Maelstrom,
5361,Photic Raider,
5362,Pour-tal,
5363,Rakuzel's Chant,
5364,Seabringer Kekoa,
5365,Sink or Swim,
5366,Storm Surge,
5367,Wikolia,
5368,Evil AEmberfin Shark,
5369,Evil Chelonia,
5370,Evil Mookling,
5371,Evil Ol' Paddy,
5372,Evil Sporegorger,
5373,Evil Witch of the Dawn,
5374,Evil Youngest Bear,
5375,Chenille,
5376,Bombyx,
5377,Fifalde,
5378,AEmberfin Shark,
5379,Blossom Drake,
5380,Chonkers,
5381,Creed of Nature,
5382,Dredging Druid,
5383,Eldest Bear,
5384,Fertility Chant,
5385,Fuzzy Gruen,
5386,Lupo the Scarred,
5387,Pestergrove,
5388,Piranha Monkeys,
5389,Primal Relic,
5390,Punctuated Equilibrium,
5391,Ritual of Life,
5392,Stampede,
5393,The Mysticeti,
5394,Washed Away,
5395,Word of Returning,
5396,World Tree,
5397,AEmbermancy,
5398,Beach Day,
5399,Bumblebird,
5400,Cross Porpoises,
5401,Fangtooth Cavern,
5402,Gebuk,
5403,Genetic Drift,
5404,Growth Surge,
5405,Instrument of Silence,
5406,Kangaphant,
5407,Mushroom Man,
5408,Ol' Paddy,
5409,Ritual of Balance,
5410,Sporegorger,
5411,Thin the Herd,
5412,Waste Not,
5413,All Tide Up,
5414,Assert Dominance,
5415,Chelonia,
5416,Deepwater Gruen,
5417,Floomf,
5418,Infighting,
5419,Keyfrog,
5420,Mollymawk,
5421,Mookling,
5422,Myliobe,
5423,Persistence Hunting,
5424,Reap or Sow,
5425,The Fittest,
5426,Way of the Pixie,
5427,Witch of the Dawn,
5428,Youngest Bear,
6001,Ancient Battleground,
6002,Autocannon,
6003,Banner of Battle,
6004,Barehanded,
6005,Bilgum Avalanche,
6006,Champion's Challenge,
6007,Endless Hordes,
6008,Frost Giant,
6009,Guji Dinosaur Hunter,
6010,Hallafest,
6011,Harmal Atoon,
6012,Iron Obelisk,
6013,Kretchee,
6014,Lava Ball,
6015,Looter Goblin,
6016,Nirbor Flamewing,
6017,Pingle Who Annoys,
6018,Revna Starsong,
6019,Signal Fire,
6020,The Floor is Lava,
6021,Blood of Titans,
6022,Brawl In,
6023,Broken Axe Outpost,
6024,Crim Torchtooth,
6025,Earthshaker,
6026,Feats of Strength,
6027,Flamethrower,
6028,Ged Hammer,
6029,Hebe the Huge,
6030,Overrun,
6031,Shattered Throne,
6032,Smith,
6033,The Grand Gord,
6034,Unguarded Camp,
6035,Vow of Blood,
6036,Vulka,
6037,Berserker Slam,
6038,Brikk Nastee,
6039,Bumpsy,
6040,Crogg the Clumsy,
6041,Firespitter,
6042,Fresh Marks,
6043,Jarl Svend,
6044,Might Club,
6045,Pelf,
6046,Pound,
6047,Press Gang,
6048,Ragnarok Prep,
6049,Rant and Rive,
6050,Rowdy Skald,
6051,Shock Herder,
6052,Stratosmack,
6053,Berserker,
6054,Warrior,
6055,Skirmisher,
6056,Grumpus,
6057,AEmbitrage,
6058,Antiquities Dealer,
6059,Avid Collecting,
6060,Conductor Jarroya,
6061,Corner the Market,
6062,Cursed Relic,
6063,Envoy of Ekwirre,
6064,Flea Market,
6065,Freelancer,
6066,Insurance Policy,
6067,Molluscaller,
6068,Staff Up,
6069,Talent Scout,
6070,The AEmber Road,
6071,Token of Appreciation,
6072,Tourist Trap,
6073,Transitory Philosopher,
6074,Exchange Program,
6075,Exo-shell System,
6076,Gezdrutyo the Arcane,
6077,Gezrahi Blacksmith,
6078,Ikwiji Outpost,
6079,Market Crash,
6080,Niffle Paw,
6081,Outnegotiate,
6082,Pull Up Stakes,
6083,Puzzling Trinket,
6084,Sandhopper,
6085,Scrapscrounger,
6086,Shizyoku Swopper,
6087,Trade Secrets,
6088,Tya-Arhi, Esquire
6089,Uncommon Currency,
6090,Auction Off,
6091,Belligerent Guard,
6092,Closed-Door Negotiation,
6093,Dthoshra, Recruiter
6094,Forced Retirement,
6095,Gemcoat Vendor,
6096,General Za-Orha,
6097,Generous Offer,
6098,Hire On,
6099,Mass Buyout,
6100,Ornate Talking Tray,
6101,Shopping Spree,
6102,Shrewd Investor,
6103,Steward Su-Uzyane,
6104,The Old Tinker,
6105,The Visible Hand,
6106,Trading Frenzy,
6107,Shigziso Buggy,
6108,Shisnyasi Buggy,
6109,Shizyoku Buggy,
6110,Strange Shell,
6111,Diplomat,
6112,Trader,
6113,Prospector,
6114,Big Magnet,
6115,Blorb Hive,
6116,Borka Rikk,
6117,Commpod,
6118,Destructive Analysis,
6119,Extinction,
6120,Feeding Pit,
6121,Grondal,
6122,Hypnotic Command,
6123,Incubation Chamber,
6124,Martian Revolution,
6125,Martians Make Bad Allies,
6126,Nautilixian,
6127,Phylyx the Disintegrator,
6128,Qyxxlyx Plague Master,
6129,R-Evolution,
6130,Replay Pod,
6131,Revo Hooligans,
6132,Swap Widget,
6133,Total Recall,
6134,Yxlyx Stimrager,
6135,Airlock,
6136,Crystal Hive,
6137,Destroy Them All!,
6138,Ether Spider,
6139,Exterminate! Exterminate!,
6140,Ironyx Banner,
6141,Memrox the Red,
6142,Mothership Support,
6143,Nyyon Outpost,
6144,Nyzyk Resonator,
6145,Psychic Network,
6146,Red Planet Ray Gun,
6147,Space Invaders,
6148,Suspended Animation,
6149,Yxl the Iron Captain,
6150,Zizok,
6151,Ammonia Clouds,
6152,Braindart,
6153,Clone Home,
6154,Genetic Blast,
6155,Glylyx Weaponsmith,
6156,Ironyx Propaganda,
6157,Ironyx Rebel,
6158,Ironyx Vatminder,
6159,Kaboom!,
6160,Mars Needs AEmber,
6161,Mk.2 Generator,
6162,Myx, the Tallminded
6163,Scoop Up,
6164,Tyxl Beambuckler,
6165,Xanthyx Harvester,
6166,Yxlix Mesmerist,
6167,Blorb,
6168,Green Aeronaut,
6169,Purple Aeronaut,
6170,Red Aeronaut,
6171,White Aeronaut,
6172,Grunt,
6173,Rebel,
6174,Researcher,
6175,Aja the Inconspicuous,
6176,Anahita the Trader,
6177,Batariel of the Grey,
6178,Call to Action,
6179,Friendship,
6180,Halo of Enlightenment,
6181,Harmonic Ritual,
6182,Heavy Subsidies,
6183,Honorable Claim,
6184,Lady Loreena,
6185,Martyr's End,
6186,Mighty Lance,
6187,Numquid the Fair,
6188,One Stood Against Many,
6189,Proclamation 346E,
6190,Renewed Life,
6191,Sanctum Guardian,
6192,Sariel the Steadfast,
6193,The Promised Blade,
6194,Zephon the Opulent,
6195,Almsmaster,
6196,Baldric the Bold,
6197,Glorious Few,
6198,Grey Abbess,
6199,Grey Augur,
6200,Haedroth's Wall,
6201,Hymn to Duma,
6202,Katerina the Summoner,
6203,Light Everlasting,
6204,Lightbringer Outpost,
6205,Martyr of the Vault,
6206,Shoulder Armor,
6207,Sigil of Brotherhood,
6208,Squire Recruitment,
6209,Absolve,
6210,Battlefield Evangelist,
6211,Celestial Gorm,
6212,Challe the Safeguard,
6213,Colonel Mariana,
6214,Grand Melee,
6215,Kassiel the Benevolent,
6216,Knightapult,
6217,Membership Drive,
6218,Muster,
6219,Ostentatious Mount,
6220,Outflank,
6221,Pandulf the Provoker,
6222,Request Donations,
6223,Retribution,
6224,Revered Monk,
6225,Taxing Journey,
6226,The Grey Rider,
6227,Disciple,
6228,Cleric,
6229,Defender,
6230,Squire,
6231,Aedile Tullia,
6232,Amphora Captura,
6233,Aristotlmimus,
6234,City Gates,
6235,Conscription,
6236,Eclectic Ambrosius,
6237,Edict of Nerotaurus,
6238,Election,
6239,Enlist Numeri,
6240,Forum of Giants,
6241,Good of the Many,
6242,Hastatus Raptor,
6243,Legion's March,
6244,Magistrate Crispus,
6245,Patronage,
6246,Platopelta,
6247,Rampaging Brutodon,
6248,Scylla,
6249,Senator Bracchus,
6250,Socraterosaurus,
6251,Spartasaur,
6252,Tectonic Shift,
6253,Training Costs,
6254,AEmbrosia Outpost,
6255,Ankylo Formation,
6256,Chaosodon,
6257,City-State Interest,
6258,Hedonistic Intent,
6259,Hoplite's Dory,
6260,Imperator Drusilla,
6261,Inspiring Oration,
6262,Orator Hissaro,
6263,Paraguardian,
6264,Pax Sauriana,
6265,Phalanx Leader,
6266,Regrettable Meteor,
6267,Saurarium,
6268,Tribune Pompitus,
6269,Aquilia, Lone Hero
6270,Arm the Plebeians,
6271,Ballistego,
6272,Beware the Ides,
6273,Chancellor Dexterus,
6274,Crushing Charge,
6275,Epic Poem,
6276,Faust the Great,
6277,Grammaticus Thrax,
6278,Legionary Trainer,
6279,Longusaur Lector,
6280,Pale Into Insignificance,
6281,Phalanx Strike,
6282,Praetor Marius,
6283,Recruit,
6284,Symposium,
6285,Charybdis,
6286,Bellatoran Warrior,
6287,Scholar,
6288,Senator,
6289,Trooper,
6290,Com. Officer Hings,
6291,Crash Muldoon,
6292,Cultural Exchange,
6293,General Order 24,
6294,Hapless Cadet,
6295,Hold the Line,
6296,Mirror Shell,
6297,Norbyn's Cavern,
6298,Operations Officer Yshi,
6299,Plasma Nozzle,
6300,Psionic Officer Lang,
6301,Pupgrade,
6302,Quixxle Stone,
6303,Recruiting Station,
6304,Shakedown Sullivan,
6305,Stronger Together,
6306,Techivore Pulpate,
6307,Temporal Purge,
6308,The Ulfberht Device,
6309,Uncharted Lands,
6310,Badge of Unity,
6311,Camaraderie,
6312,Collector Boren,
6313,Detention Coil,
6314,FOF Transponder,
6315,Ganymede Outpost,
6316,Grunt Work,
6317,Nurse Soto,
6318,Quintrino Warp,
6319,Selective Preservation,
6320,Stealthster,
6321,SV3 Lander,
6322,Tactical Officer Moon,
6323,Transporter Platform,
6324,Xenotraining,
6325,C.R. Officer Hawkins,
6326,CXO Taber,
6327,CPO Zytar,
6328,Echo Reflector,
6329,Friendly Guide,
6330,Future Booster,
6331,Photon Blast,
6332,PYR*0,
6333,Recorded History,
6334,Red Alert,
6335,Rogue Operation,
6336,Scout Chief Korijir,
6337,Securi-Droid,
6338,Specialist Guthrak,
6339,Teamwork,
6340,Uplink,
6341,Com. Officer Gross,
6342,AEmberling,
6343,Cadet,
6344,Explorer,
6345,B0-T,
6346,Navigator Ali,
6347,Brackish Shoreline,
6348,Bryozoarch,
6349,Corrode,
6350,Extrematode Infection,
6351,Giltspine School,
6352,Hypoxia,
6353,Kiligog's Trench,
6354,Llack Gaboon,
6355,Offering to Kiligog,
6356,Plunder,
6357,Primordial Vault,
6358,Rustmiser,
6359,Sibyl Waimare,
6360,Sobogg's Thingamabob,
6361,Tangaika,
6362,Te-wheke Kraken,
6363,Thalassophobia,
6364,The Chosen One,
6365,Weak Link,
6366,Whirlpool,
6367,Allusions of Grandeur,
6368,Azure Basin Outpost,
6369,Catch and Release,
6370,Dragnet,
6371,Fuguru,
6372,Kaupe,
6373,Kelping Hands,
6374,Physaloha,
6375,Sleep with the Fishes,
6376,Soleft,
6377,Stir-Crazy,
6378,Thundertow,
6379,Timoti the Dammed,
6380,Under Pressure,
6381,Watch Your Step,
6382,Yanthi Ghostfin,
6383,"""Bubbles""",
6384,Abyssal Sight,
6385,Adult Swim,
6386,Befuddle,
6387,Covetous Hema,
6388,Crushing Deep,
6389,Fathom Reaver,
6390,Frigorific Rod,
6391,Giltspine Netcaster,
6392,Initiation,
6393,Kamalani,
6394,Kelpminder,
6395,Maelstrom,
6396,Skullback Crab,
6397,Sunk Cost,
6398,Toxicuda Venom,
6399,Cultist,
6400,Flounderight,
6401,Fish,
6402,Priest,
6403,Raider,
500001,Autocannon,
500002,Banner of Battle,
500003,Barehanded,
500004,Bellowing Patrizate,
500005,Brothers in Battle,
500006,Champion's Challenge,
500007,Forgemaster Og,
500008,Grumpus Tamer,
500009,Hallafest,
500010,Harmal Atoon,
500011,Iron Obelisk,
500012,Kaloch Stonefather,
500013,Kretchee,
500014,Might Makes Right,
500015,Mugwump,
500016,Pile of Skulls,
500017,Rock-Hurling Giant,
500018,The Big One,
500019,War Grumpus,
500020,Yo Mama Mastery,
500021,Broken Axe Outpost,
500022,Cannon,
500023,Crim Torchtooth,
500024,Culf the Quiet,
500025,Follow the Leader,
500026,Fyre-Breath,
500027,Ged Hammer,
500028,Gravelguts,
500029,Ogopogo,
500030,Power of Fire,
500031,Relentless Assault,
500032,Screechbomb,
500033,Smith,
500034,Sound the Horns,
500035,Vow of Blood,
500036,Vulka,
500037,Alaka,
500038,Ballcano,
500039,Berserker Slam,
500040,Bingle Bangbang,
500041,Brammo,
500042,Brikk Nastee,
500043,Cowfyne,
500044,Drummernaut,
500045,Foozle,
500046,Fresh Marks,
500047,Ganger Chieftain,
500048,Gron Nine-Toes,
500049,Headhunter,
500050,Lollop the Titanic,
500051,Rant and Rive,
500052,Rowdy Skald,
500053,A Fair Game,
500054,Ancient Yurk,
500055,Collar of Subordination,
500056,Creeping Oblivion,
500057,Gabos Longarms,
500058,Guilty Hearts,
500059,Harvest Time,
500060,Lord Invidius,
500061,Maleficorn,
500062,Master of 1,
500063,Noname,
500064,Ortannu the Chained,
500065,Painmail,
500066,Pitlord,
500067,Screaming Cave,
500068,Shadow of Dis,
500069,Sinestra,
500070,Snaglet,
500071,The Pale Star,
500072,Truebaru,
500073,Double Doom,
500074,Drumble,
500075,Essence Scale,
500076,Gleeful Mayhem,
500077,Gongoozle,
500078,Grim Reminder,
500079,Library of the Damned,
500080,Obsidian Forge,
500081,Old Yurk,
500082,Poltergeist,
500083,Snag,
500084,Snudge,
500085,Soulkeeper,
500086,Spyyyder,
500087,Tentacus,
500088,Three Fates,
500089,Bonesaw,
500090,Brabble,
500091,Buzzle,
500092,Charette,
500093,Dust Imp,
500094,Exhume,
500095,Fear,
500096,Gub,
500097,Lash of Broken Dreams,
500098,Mark of Dis,
500099,Snarette,
500100,Tezmal,
500101,The Terror,
500102,Tocsin,
500103,Unlocked Gateway,
500104,Yurk,
500109,Academy Training,
500110,Adaptoid,
500111,Chaos Portal,
500112,Cyber-Clone,
500113,Dysania,
500114,Entropic Swirl,
500115,Honors Keysis,
500117,Knowledge is Power,
500118,Library Card,
500119,Master the Theory,
500120,Psychic Bug,
500121,Replicator,
500122,Reverse Time,
500123,Skippy Timehog,
500124,Strange Gizmo,
500126,Universal Keylock,
500127,Vespilon Theorist,
500128,Zenzizenzizenzic,
500129,Archon's Callback,
500130,Bouncing Deathquark,
500131,C.AE.N.D.L.E. Unit,
500132,Causal Loop,
500133,Chronus,
500134,Code Monkey,
500135,Eureka!,
500136,Groupthink Tank,
500137,Interdimensional Graft,
500138,Memory Chip,
500139,Mini Groupthink Tank,
500140,Novu Dynamo,
500141,Positron Bolt,
500142,Quantum Fingertrap,
500143,Rocket Boots,
500144,Think Twice,
500145,Archimedes,
500146,Armadrone,
500147,Babbling Bibliophile,
500148,Batdrone,
500149,Binate Rupture,
500150,Dextre,
500151,"EDAI ""Edie"" 4x4",
500152,Effervescent Principle,
500153,Eyegor,
500154,Ganymede Archivist,
500155,Lethologica,
500156,Mother,
500157,Phase Shift,
500158,Professor Sutterkin,
500159,Titan Engineer,
500160,Wild Wormhole,
500163,Brain Stem Antenna,
500164,Chuff Ape,
500165,Commpod,
500166,Custom Virus,
500167,Destructive Analysis,
500168,Entropic Manipulator,
500169,Extinction,
500170,Hypnotic Command,
500171,Invasion Portal,
500172,Irradiated AEmber,
500173,Killzord mk. 9001,
500174,Martians Make Bad Allies,
500176,Phylyx the Disintegrator,
500177,Qyxxlyx Plague Master,
500178,Replay Pod,
500179,Shatter Storm,
500180,Sniffer,
500181,Swap Widget,
500182,Yxlyx Stimrager,
500183,Airlock,
500184,Battle Fleet,
500185,Blypyp,
500186,Combat Pheromones,
500187,Containment Field,
500188,Crystal Hive,
500189,Deep Probe,
500190,Destroy Them All!,
500191,Ether Spider,
500192,Key Abduction,
500193,Memrox the Red,
500194,Nyzyk Resonator,
500195,Orbital Bombardment,
500196,Suspended Animation,
500197,Uxlyx the Zookeeper,
500198,Zizok,
500199,Biomatrix Backup,
500200,Collector Worm,
500201,Glylyx Weaponsmith,
500202,Glyxl Proliferator,
500203,Kaboom!,
500204,Mars First,
500205,Mars Needs AEmber,
500206,Mindworm,
500207,Mothergun,
500208,"Myx, the Tallminded",
500209,Scoop Up,
500210,Ulyq Megamouth,
500211,Xanthyx Harvester,
500212,Yxilo Bolter,
500213,Yxilx Dominator,
500214,Zyzzix the Many,
500219,Amphora Captura,
500220,Auto-Legionary,
500221,Brachiaditus,
500222,Cincinnatus Rex,
500223,City Gates,
500224,Crassosaurus,
500225,Enlist Numeri,
500226,Favor of Rex,
500227,Forum of Giants,
500228,Grimlocus Dux,
500229,Hastatus Raptor,
500230,Imperial Forge,
500231,Imperial Road,
500232,Magistrate Crispus,
500233,Optio Gorkus,
500234,Patronage,
500235,Saurus Rex,
500236,Senator Bracchus,
500237,Spartasaur,
500238,Tertiate,
500239,AEmbrosia Outpost,
500240,Ancient Power,
500241,Chaosodon,
500242,City-State Interest,
500243,Dark Centurion,
500244,Exile,
500245,Gargantodon,
500246,Hoplite's Dory,
500247,Library of Polliasaurus,
500248,Orator Hissaro,
500249,Pax Sauriana,
500250,Philophosaurus,
500251,Regrettable Meteor,
500252,Sic Semper Tyrannosaurus,
500253,Stomp,
500254,The Callipygian Ideal,
500255,"Aquilia, Lone Hero",
500256,Carpe Vinum,
500257,Citizen Shrix,
500258,Consul Primus,
500259,Cornicen Octavia,
500260,Crushing Charge,
500261,Epic Poem,
500262,Faust the Great,
500263,Galeatops,
500264,Lapisaurus,
500266,Odoac the Patrician,
500267,Ostracize,
500268,Praefectus Ludo,
500269,The Golden Spiral,
500270,Tricerian Legionary,
500275,AEmbertracker,
500276,Book of leQ,
500277,Captain Val Jericho,
500278,Ceaseforge,
500280,Crash Muldoon,
500281,Encounter Suit,
500282,Exchange Officer,
500283,Forging an Alliance,
500284,Galactic Census,
500285,Kartanoo,
500286,Make It So,
500287,Matter Maker,
500288,Operations Officer Yshi,
500289,Peace Accord,
500290,Plasma Nozzle,
500291,Pupgrade,
500292,Quixxle Stone,
500293,Tachyon Pulse,
500294,Techivore Pulpate,
500295,ANT1-10NY,
500296,Badge of Unity,
500297,Collector Boren,
500298,CXO Taber,
500299,Detention Coil,
500300,Force Field,
500301,Lay of the Land,
500302,LCdr. Trigon,
500303,Navigator Ali,
500304,New Frontiers,
500305,Quadracorder,
500306,Quintrino Warp,
500307,Sabotage Mission,
500308,Stunner,
500309,Transporter Platform,
500310,Xenotraining,
500311,Commander Chan,
500312,CPO Zytar,
500313,Explo-rover,
500314,First Officer Frane,
500315,Future Booster,
500316,Grand Alliance Council,
500317,Lieutenant Khrkhar,
500318,Light of the Archons,
500319,Medic Ingram,
500320,PYR*0,
500321,Rogue Operation,
500322,Sensor Chief Garcia,
500323,Stealth Mode,
500324,Subject Kirby,
500325,Survey,
500326,Zap,
500328,Blossom Drake,
500330,Chonkers,
500331,Creed of Nature,
500332,Dark Queen Gloriana,
500333,Eldest Bear,
500334,Eunoia,
500335,Fuzzy Gruen,
500336,Gravid Cycle,
500337,Lupo the Scarred,
500338,"Mercy, Malkin Queen",
500339,Perilous Wild,
500340,Punctuated Equilibrium,
500341,Ritual of the Hunt,
500342,Scout,
500343,Stampede,
500344,Teliga,
500345,Vineapple Tree,
500346,Word of Returning,
500347,World Tree,
500348,AEmberspine Mongrel,
500349,Commune,
500350,Fangtooth Cavern,
500351,Fogbank,
500352,Halacor,
500353,Lifeweb,
500354,Lumilu,
500355,Nature's Call,
500356,Nepenthe Seed,
500357,"Panpaca, Anga",
500358,"Panpaca, Jaga",
500359,Ritual of Balance,
500360,Soldiers to Flowers,
500361,Waste Not,
500362,Wild Bounty,
500363,Wild Spirit,
500364,Cephaloist,
500365,Dark Faerie,
500366,Duskwitch,
500367,Floomf,
500368,Ghosthawk,
500369,Glimmer,
500370,Gloriana's Attendant,
500371,Keyfrog,
500372,Knoxx,
500373,Lost in the Woods,
500374,Mookling,
500375,Rapid Evolution,
500376,Rustgnawer,
500377,Savage Clash,
500378,They're Everywhere!,
500379,Witch of the Eye,
